{"max": [-0.775209, 0.831, 0.984912], "centroid": [-1.292383876404496, -0.11459356179775282, 0.49524925842696627], "id": "cbbf0aacb76a1ed17b20cb946bceb58f", "numVertices": 89, "min": [-1.82702, -0.674424, -0.072559]}
